{
  "project_info": {
    "project_number": "415579949837",
    "project_id": "ecommerceapp-ed1c0",
    "storage_bucket": "ecommerceapp-ed1c0.appspot.com"
  },
  "client": [
    {
      "client_info": {
        "mobilesdk_app_id": "1:415579949837:android:163e775617bb222f243e44",
        "android_client_info": {
          "package_name": "com.example.ecommerceapp"
        }
      },
      "oauth_client": [
        {
          "client_id": "415579949837-um50mn7qasrnkh4blsv3vkf5gqfvnfod.apps.googleusercontent.com",
          "client_type": 3
        }
      ],
      "api_key": [
        {
          "current_key": "AIzaSyAtLnB2mFVsFdrOD4FzDQIyv85fTwL6jWg"
        }
      ],
      "services": {
        "appinvite_service": {
          "other_platform_oauth_client": [
            {
              "client_id": "415579949837-um50mn7qasrnkh4blsv3vkf5gqfvnfod.apps.googleusercontent.com",
              "client_type": 3
            }
          ]
        }
      }
    }
  ],
  "configuration_version": "1"
}